Band Distance,Enrichment_Score
6.425,1.869982402
13.275,1.131491763
20.125,0.974456708
26.975,0.842677301
33.825,0.795057014
40.675,0.815312995
47.525,0.842994039
54.375,0.835243995
61.225,0.797469339
68.075,0.76804976
74.925,0.761872538
81.775,0.75480694
88.625,0.744147246
95.475,0.740652296
102.325,0.735586135
109.175,0.68820009
116.025,0.559025801