Band Distance,Enrichment_Score
6.425,2.350162413
13.275,1.328503668
20.125,1.039350227
26.975,0.844892195
33.825,0.793820663
40.675,0.783927615
47.525,0.776298215
54.375,0.747734859
61.225,0.716280824
68.075,0.68195313
74.925,0.671397727
81.775,0.660030033
88.625,0.648912255
95.475,0.65013331
102.325,0.659510471
109.175,0.637744259
116.025,0.637626408