Band Distance,Enrichment_Score
6.425,2.036088099
13.275,1.18747218
20.125,0.989769349
26.975,0.834928863
33.825,0.816606778
40.675,0.834716414
47.525,0.839532212
54.375,0.810010846
61.225,0.771503355
68.075,0.730974228
74.925,0.718851006
81.775,0.711809179
88.625,0.696191765
95.475,0.704105171
102.325,0.703368481
109.175,0.673401602
116.025,0.662265514