Band Distance,Enrichment_Score
6.425,2.392796669
13.275,1.208920547
20.125,1.013960632
26.975,0.798962606
33.825,0.778966
40.675,0.806482782
47.525,0.792571176
54.375,0.749859124
61.225,0.693027135
68.075,0.663502675
74.925,0.651788481
81.775,0.637815894
88.625,0.620558041
95.475,0.614017103
102.325,0.609756186
109.175,0.570064405
116.025,0.434236078