Band Distance,Enrichment_Score
6.425,1.857475444
13.275,1.195301252
20.125,1.019939034
26.975,0.887225007
33.825,0.870967495
40.675,0.859305868
47.525,0.853709752
54.375,0.82102387
61.225,0.785348969
68.075,0.754586139
74.925,0.746855548
81.775,0.729846889
88.625,0.697058647
95.475,0.699119668
102.325,0.72171731
109.175,0.718822574
116.025,0.756158536