Band Distance,Enrichment_Score
6.425,1.619148831
13.275,1.131492489
20.125,1.015107609
26.975,0.867921653
33.825,0.832205401
40.675,0.826984159
47.525,0.868762423
54.375,0.85459945
61.225,0.840943153
68.075,0.814899225
74.925,0.806332226
81.775,0.806957647
88.625,0.816843535
95.475,0.840183206
102.325,0.855517485
109.175,0.802411779
116.025,0.629916616