Band Distance,Enrichment_Score
6.425,2.239944709
13.275,1.270805026
20.125,1.009656997
26.975,0.796222154
33.825,0.762983047
40.675,0.795984713
47.525,0.80369812
54.375,0.771854946
61.225,0.724855717
68.075,0.694338298
74.925,0.674936882
81.775,0.663793248
88.625,0.658714706
95.475,0.67117572
102.325,0.687116026
109.175,0.668373807
116.025,0.524493862