Band Distance,Enrichment_Score
6.425,2.317397613
13.275,1.338899748
20.125,0.962025823
26.975,0.781901537
33.825,0.748079944
40.675,0.799304832
47.525,0.795590715
54.375,0.760153882
61.225,0.718641167
68.075,0.687690092
74.925,0.674620698
81.775,0.661217639
88.625,0.646137727
95.475,0.65154531
102.325,0.667452784
109.175,0.647284513
116.025,0.681037164