Band Distance,Enrichment_Score
6.425,0.82928411
13.275,0.940324927
20.125,0.994039208
26.975,1.106737637
33.825,1.148605836
40.675,1.1109224
47.525,1.099770946
54.375,1.123421698
61.225,1.151789342
68.075,1.175943819
74.925,1.195805013
81.775,1.1988586
88.625,1.198550641
95.475,1.189604806
102.325,1.1820812
109.175,1.194273633
116.025,1.272162899