Band Distance,Enrichment_Score
6.425,0.610345612
13.275,0.856211351
20.125,0.994159653
26.975,1.080075809
33.825,1.097041973
40.675,1.10808236
47.525,1.146760897
54.375,1.187430568
61.225,1.215700387
68.075,1.242362878
74.925,1.257542033
81.775,1.263897556
88.625,1.266928692
95.475,1.257424399
102.325,1.249600609
109.175,1.248770856
116.025,1.248981057