Band Distance,Enrichment_Score
6.425,0.720166806
13.275,0.909750142
20.125,0.966426528
26.975,1.054148557
33.825,1.09721613
40.675,1.103976327
47.525,1.086818896
54.375,1.123140564
61.225,1.154111526
68.075,1.180508691
74.925,1.195621863
81.775,1.204280083
88.625,1.209884178
95.475,1.215153752
102.325,1.201525686
109.175,1.174143952
116.025,1.233054974