Band Distance,Enrichment_Score
6.425,0.63428306
13.275,0.872301155
20.125,1.004161427
26.975,1.099048775
33.825,1.158770403
40.675,1.133673802
47.525,1.162385614
54.375,1.199332318
61.225,1.232910752
68.075,1.270309513
74.925,1.288012106
81.775,1.29703852
88.625,1.29457284
95.475,1.283569771
102.325,1.288742618
109.175,1.328925404
116.025,1.391719934