Band Distance,Enrichment_Score
6.425,0.685322128
13.275,0.866917687
20.125,0.957242017
26.975,1.094403645
33.825,1.135368592
40.675,1.139044657
47.525,1.16513101
54.375,1.200095087
61.225,1.246622124
68.075,1.280260013
74.925,1.306551688
81.775,1.317944446
88.625,1.322101785
95.475,1.316668852
102.325,1.300457817
109.175,1.287451516
116.025,1.35436362