Band Distance,Enrichment_Score
6.425,0.621350232
13.275,0.881640734
20.125,0.971265553
26.975,1.050132835
33.825,1.095769795
40.675,1.10383577
47.525,1.145010562
54.375,1.184766587
61.225,1.225429014
68.075,1.271840148
74.925,1.288759652
81.775,1.291335444
88.625,1.290253499
95.475,1.281559229
102.325,1.272270132
109.175,1.284107652
116.025,1.315835198