Band Distance,Enrichment_Score
6.425,0.650344046
13.275,0.851932022
20.125,0.953006838
26.975,1.05989322
33.825,1.115146918
40.675,1.13957445
47.525,1.170670358
54.375,1.215310737
61.225,1.245901074
68.075,1.275983051
74.925,1.286798166
81.775,1.286776862
88.625,1.277111166
95.475,1.264825005
102.325,1.248924297
109.175,1.246160246
116.025,1.258333738