Band Distance,Enrichment_Score
6.425,0.684968936
13.275,0.85498759
20.125,0.967467214
26.975,1.065710705
33.825,1.136638371
40.675,1.127038914
47.525,1.138602438
54.375,1.16656521
61.225,1.194336902
68.075,1.2320335
74.925,1.253278403
81.775,1.259111833
88.625,1.253899524
95.475,1.250924747
102.325,1.237636078
109.175,1.219552058
116.025,1.238964345