Band Distance,Enrichment_Score
6.425,0.809846272
13.275,0.874582649
20.125,1.035637637
26.975,1.181980847
33.825,1.178097061
40.675,1.117493864
47.525,1.095898772
54.375,1.118176117
61.225,1.160163974
68.075,1.185895589
74.925,1.19669529
81.775,1.21713943
88.625,1.253558909
95.475,1.251533232
102.325,1.211208316
109.175,1.219372694
116.025,1.100852632