Band Distance,Enrichment_Score
6.425,0.862115822
13.275,1.040713629
20.125,1.061675584
26.975,1.121976319
33.825,1.121206164
40.675,1.099715286
47.525,1.050101852
54.375,1.036011759
61.225,1.064779972
68.075,1.077209012
74.925,1.069447604
81.775,1.075805795
88.625,1.097243724
95.475,1.105534287
102.325,1.125558946
109.175,1.233570633
116.025,1.580381689