Band Distance,Enrichment_Score
6.425,0.900737004
13.275,0.962799939
20.125,1.040670149
26.975,1.150735941
33.825,1.129155423
40.675,1.094204897
47.525,1.049014136
54.375,1.054983816
61.225,1.077378126
68.075,1.104491785
74.925,1.111581271
81.775,1.12194207
88.625,1.15170899
95.475,1.144191405
102.325,1.153572378
109.175,1.20278685
116.025,1.198079355