Band Distance,Enrichment_Score
6.425,0.911328322
13.275,0.975538369
20.125,1.019638964
26.975,1.098657518
33.825,1.104426532
40.675,1.105237173
47.525,1.06440323
54.375,1.048743272
61.225,1.039167012
68.075,1.051764871
74.925,1.051003632
81.775,1.042956886
88.625,1.02491698
95.475,0.990767859
102.325,0.9824335
109.175,1.075116991
116.025,1.358863209