Band Distance,Enrichment_Score
6.425,0.632830614
13.275,0.849532568
20.125,0.996398022
26.975,1.149761677
33.825,1.162094229
40.675,1.14575571
47.525,1.145110853
54.375,1.172901235
61.225,1.229585428
68.075,1.266667158
74.925,1.288268913
81.775,1.311232154
88.625,1.32402679
95.475,1.304068148
102.325,1.275818108
109.175,1.305425329
116.025,1.675681755