Band Distance,Enrichment_Score
6.425,0.782318179
13.275,0.901693804
20.125,1.010238099
26.975,1.125021544
33.825,1.144854166
40.675,1.136057307
47.525,1.118327412
54.375,1.124529277
61.225,1.152752379
68.075,1.192407263
74.925,1.204568648
81.775,1.229247025
88.625,1.263977942
95.475,1.273341571
102.325,1.267449451
109.175,1.32354393
116.025,1.310752607