Band Distance,Enrichment_Score
6.425,0.733560887
13.275,0.963566685
20.125,1.030800396
26.975,1.158481649
33.825,1.148436489
40.675,1.101346005
47.525,1.097967724
54.375,1.134768424
61.225,1.1970368
68.075,1.227681001
74.925,1.229372958
81.775,1.251155917
88.625,1.289642739
95.475,1.311956399
102.325,1.339970816
109.175,1.476202268
116.025,2.061881081