Band Distance,Enrichment_Score
6.425,0.981049355
13.275,0.986356435
20.125,0.98631177
26.975,1.047375893
33.825,1.051757752
40.675,1.056488776
47.525,1.02896663
54.375,1.037528537
61.225,1.064580852
68.075,1.089847504
74.925,1.089809851
81.775,1.112996089
88.625,1.170382584
95.475,1.174928652
102.325,1.139556522
109.175,1.145533005
116.025,1.081876359